,env_view,env_step,env_memo,obj_view,toggle,pick up,drop off
0,45.45454545454545,1.5151515151515151,45.45454545454545,54.54545454545454,0.0,0.0,0.0
1,45.45454545454545,3.0303030303030303,45.45454545454545,54.54545454545454,0.0,0.0,0.0
2,50.0,3.0303030303030303,50.0,54.54545454545454,0.0,0.0,0.0
3,50.0,3.0303030303030303,50.0,54.54545454545454,0.0,9.090909090909092,0.0
4,54.54545454545454,3.0303030303030303,54.54545454545454,54.54545454545454,0.0,9.090909090909092,0.0
5,54.54545454545454,3.0303030303030303,54.54545454545454,54.54545454545454,0.0,9.090909090909092,0.0
6,54.54545454545454,3.0303030303030303,54.54545454545454,54.54545454545454,0.0,9.090909090909092,0.0
7,54.54545454545454,3.0303030303030303,54.54545454545454,54.54545454545454,0.0,9.090909090909092,0.0
8,54.54545454545454,3.0303030303030303,54.54545454545454,54.54545454545454,0.0,9.090909090909092,0.0
9,54.54545454545454,3.0303030303030303,54.54545454545454,54.54545454545454,0.0,9.090909090909092,0.0
10,54.54545454545454,3.0303030303030303,54.54545454545454,54.54545454545454,0.0,9.090909090909092,0.0
11,54.54545454545454,3.0303030303030303,54.54545454545454,54.54545454545454,9.090909090909092,9.090909090909092,0.0
12,54.54545454545454,3.0303030303030303,54.54545454545454,54.54545454545454,9.090909090909092,9.090909090909092,0.0
13,54.54545454545454,3.0303030303030303,54.54545454545454,54.54545454545454,9.090909090909092,9.090909090909092,0.0
14,54.54545454545454,3.0303030303030303,54.54545454545454,54.54545454545454,18.181818181818183,9.090909090909092,0.0
15,54.54545454545454,3.0303030303030303,54.54545454545454,54.54545454545454,18.181818181818183,9.090909090909092,0.0
16,54.54545454545454,4.545454545454546,40.909090909090914,54.54545454545454,18.181818181818183,9.090909090909092,0.0
17,54.54545454545454,4.545454545454546,40.909090909090914,54.54545454545454,18.181818181818183,9.090909090909092,0.0
18,54.54545454545454,4.545454545454546,50.0,54.54545454545454,18.181818181818183,9.090909090909092,0.0
19,54.54545454545454,4.545454545454546,48.484848484848484,54.54545454545454,18.181818181818183,9.090909090909092,0.0
20,54.54545454545454,6.0606060606060606,48.484848484848484,54.54545454545454,18.181818181818183,9.090909090909092,0.0
21,54.54545454545454,6.0606060606060606,48.484848484848484,54.54545454545454,18.181818181818183,9.090909090909092,0.0
22,54.54545454545454,6.0606060606060606,48.484848484848484,54.54545454545454,18.181818181818183,9.090909090909092,0.0
23,54.54545454545454,6.0606060606060606,48.484848484848484,54.54545454545454,18.181818181818183,9.090909090909092,0.0
24,54.54545454545454,6.0606060606060606,48.484848484848484,54.54545454545454,18.181818181818183,9.090909090909092,0.0
25,54.54545454545454,6.0606060606060606,48.484848484848484,54.54545454545454,18.181818181818183,18.181818181818183,0.0
26,54.54545454545454,6.0606060606060606,42.42424242424242,54.54545454545454,18.181818181818183,18.181818181818183,0.0
27,54.54545454545454,6.0606060606060606,40.909090909090914,54.54545454545454,18.181818181818183,18.181818181818183,0.0
28,54.54545454545454,7.575757575757576,40.909090909090914,54.54545454545454,18.181818181818183,18.181818181818183,0.0
29,54.54545454545454,7.575757575757576,54.54545454545454,54.54545454545454,18.181818181818183,18.181818181818183,0.0
30,54.54545454545454,9.090909090909092,54.54545454545454,54.54545454545454,18.181818181818183,18.181818181818183,0.0
31,54.54545454545454,9.090909090909092,54.54545454545454,54.54545454545454,18.181818181818183,18.181818181818183,0.0
32,54.54545454545454,9.090909090909092,54.54545454545454,54.54545454545454,18.181818181818183,18.181818181818183,0.0
33,54.54545454545454,9.090909090909092,54.54545454545454,54.54545454545454,18.181818181818183,18.181818181818183,0.0
34,54.54545454545454,10.606060606060606,54.54545454545454,54.54545454545454,18.181818181818183,18.181818181818183,0.0
35,54.54545454545454,10.606060606060606,51.515151515151516,54.54545454545454,18.181818181818183,18.181818181818183,0.0
36,54.54545454545454,10.606060606060606,54.54545454545454,54.54545454545454,18.181818181818183,18.181818181818183,0.0
37,54.54545454545454,10.606060606060606,54.54545454545454,54.54545454545454,18.181818181818183,18.181818181818183,0.0
38,54.54545454545454,10.606060606060606,54.54545454545454,54.54545454545454,18.181818181818183,18.181818181818183,0.0
39,54.54545454545454,10.606060606060606,54.54545454545454,54.54545454545454,18.181818181818183,18.181818181818183,0.0
40,54.54545454545454,10.606060606060606,54.54545454545454,54.54545454545454,18.181818181818183,18.181818181818183,0.0
41,54.54545454545454,10.606060606060606,54.54545454545454,54.54545454545454,18.181818181818183,18.181818181818183,0.0
42,54.54545454545454,10.606060606060606,54.54545454545454,54.54545454545454,18.181818181818183,18.181818181818183,0.0
43,54.54545454545454,10.606060606060606,54.54545454545454,54.54545454545454,18.181818181818183,18.181818181818183,0.0
44,54.54545454545454,10.606060606060606,54.54545454545454,54.54545454545454,18.181818181818183,18.181818181818183,0.0
45,54.54545454545454,10.606060606060606,54.54545454545454,54.54545454545454,18.181818181818183,18.181818181818183,0.0
46,54.54545454545454,10.606060606060606,54.54545454545454,54.54545454545454,18.181818181818183,18.181818181818183,0.0
47,54.54545454545454,10.606060606060606,48.484848484848484,54.54545454545454,18.181818181818183,18.181818181818183,0.0
48,54.54545454545454,10.606060606060606,48.484848484848484,54.54545454545454,18.181818181818183,18.181818181818183,0.0
49,54.54545454545454,10.606060606060606,51.515151515151516,54.54545454545454,18.181818181818183,18.181818181818183,0.0
50,54.54545454545454,10.606060606060606,51.515151515151516,54.54545454545454,18.181818181818183,18.181818181818183,0.0
51,54.54545454545454,10.606060606060606,51.515151515151516,54.54545454545454,18.181818181818183,27.27272727272727,0.0
52,54.54545454545454,10.606060606060606,54.54545454545454,54.54545454545454,18.181818181818183,27.27272727272727,0.0
53,54.54545454545454,10.606060606060606,54.54545454545454,54.54545454545454,18.181818181818183,27.27272727272727,0.0
54,54.54545454545454,10.606060606060606,54.54545454545454,54.54545454545454,18.181818181818183,27.27272727272727,0.0
55,54.54545454545454,10.606060606060606,54.54545454545454,54.54545454545454,18.181818181818183,27.27272727272727,0.0
56,54.54545454545454,10.606060606060606,54.54545454545454,54.54545454545454,18.181818181818183,27.27272727272727,0.0
57,54.54545454545454,12.121212121212121,54.54545454545454,54.54545454545454,18.181818181818183,27.27272727272727,0.0
58,54.54545454545454,12.121212121212121,54.54545454545454,54.54545454545454,18.181818181818183,27.27272727272727,0.0
59,54.54545454545454,12.121212121212121,50.0,54.54545454545454,18.181818181818183,27.27272727272727,0.0
60,54.54545454545454,12.121212121212121,54.54545454545454,54.54545454545454,18.181818181818183,27.27272727272727,0.0
61,54.54545454545454,12.121212121212121,54.54545454545454,54.54545454545454,18.181818181818183,27.27272727272727,0.0
62,54.54545454545454,12.121212121212121,54.54545454545454,54.54545454545454,18.181818181818183,27.27272727272727,0.0
63,54.54545454545454,12.121212121212121,54.54545454545454,54.54545454545454,18.181818181818183,27.27272727272727,0.0
64,54.54545454545454,12.121212121212121,54.54545454545454,54.54545454545454,18.181818181818183,27.27272727272727,0.0
65,54.54545454545454,12.121212121212121,54.54545454545454,54.54545454545454,18.181818181818183,27.27272727272727,9.090909090909092
66,54.54545454545454,12.121212121212121,54.54545454545454,54.54545454545454,18.181818181818183,27.27272727272727,9.090909090909092
67,54.54545454545454,12.121212121212121,54.54545454545454,54.54545454545454,27.27272727272727,27.27272727272727,9.090909090909092
68,54.54545454545454,12.121212121212121,54.54545454545454,54.54545454545454,27.27272727272727,27.27272727272727,9.090909090909092
69,54.54545454545454,12.121212121212121,54.54545454545454,54.54545454545454,27.27272727272727,27.27272727272727,9.090909090909092
70,54.54545454545454,13.636363636363635,54.54545454545454,54.54545454545454,27.27272727272727,27.27272727272727,9.090909090909092
71,54.54545454545454,13.636363636363635,54.54545454545454,54.54545454545454,27.27272727272727,27.27272727272727,9.090909090909092
72,54.54545454545454,13.636363636363635,50.0,54.54545454545454,27.27272727272727,27.27272727272727,9.090909090909092
73,54.54545454545454,13.636363636363635,50.0,54.54545454545454,27.27272727272727,27.27272727272727,9.090909090909092
74,54.54545454545454,13.636363636363635,50.0,54.54545454545454,27.27272727272727,27.27272727272727,9.090909090909092
75,54.54545454545454,13.636363636363635,45.45454545454545,54.54545454545454,27.27272727272727,27.27272727272727,9.090909090909092
76,54.54545454545454,13.636363636363635,45.45454545454545,54.54545454545454,27.27272727272727,27.27272727272727,9.090909090909092
77,54.54545454545454,13.636363636363635,45.45454545454545,54.54545454545454,27.27272727272727,27.27272727272727,9.090909090909092
78,54.54545454545454,13.636363636363635,45.45454545454545,54.54545454545454,27.27272727272727,27.27272727272727,9.090909090909092
79,54.54545454545454,13.636363636363635,45.45454545454545,54.54545454545454,27.27272727272727,27.27272727272727,9.090909090909092
80,54.54545454545454,13.636363636363635,45.45454545454545,54.54545454545454,27.27272727272727,27.27272727272727,9.090909090909092
81,54.54545454545454,13.636363636363635,45.45454545454545,54.54545454545454,27.27272727272727,27.27272727272727,9.090909090909092
82,54.54545454545454,13.636363636363635,45.45454545454545,54.54545454545454,27.27272727272727,27.27272727272727,9.090909090909092
83,54.54545454545454,13.636363636363635,45.45454545454545,54.54545454545454,27.27272727272727,27.27272727272727,9.090909090909092
84,54.54545454545454,13.636363636363635,39.39393939393939,54.54545454545454,36.36363636363637,27.27272727272727,9.090909090909092
85,54.54545454545454,13.636363636363635,54.54545454545454,54.54545454545454,36.36363636363637,27.27272727272727,9.090909090909092
86,54.54545454545454,13.636363636363635,54.54545454545454,54.54545454545454,36.36363636363637,27.27272727272727,9.090909090909092
87,54.54545454545454,13.636363636363635,54.54545454545454,54.54545454545454,36.36363636363637,27.27272727272727,9.090909090909092
88,54.54545454545454,13.636363636363635,54.54545454545454,54.54545454545454,36.36363636363637,27.27272727272727,9.090909090909092
89,54.54545454545454,15.151515151515152,54.54545454545454,54.54545454545454,36.36363636363637,27.27272727272727,9.090909090909092
90,54.54545454545454,15.151515151515152,54.54545454545454,54.54545454545454,36.36363636363637,27.27272727272727,9.090909090909092
91,54.54545454545454,16.666666666666664,54.54545454545454,54.54545454545454,36.36363636363637,27.27272727272727,9.090909090909092
92,54.54545454545454,16.666666666666664,51.515151515151516,54.54545454545454,36.36363636363637,27.27272727272727,9.090909090909092
93,54.54545454545454,16.666666666666664,51.515151515151516,54.54545454545454,36.36363636363637,27.27272727272727,9.090909090909092
94,54.54545454545454,16.666666666666664,51.515151515151516,54.54545454545454,36.36363636363637,27.27272727272727,9.090909090909092
95,54.54545454545454,16.666666666666664,45.45454545454545,54.54545454545454,36.36363636363637,27.27272727272727,9.090909090909092
96,54.54545454545454,16.666666666666664,45.45454545454545,54.54545454545454,36.36363636363637,27.27272727272727,9.090909090909092
97,54.54545454545454,16.666666666666664,42.42424242424242,54.54545454545454,36.36363636363637,27.27272727272727,9.090909090909092
98,54.54545454545454,16.666666666666664,42.42424242424242,54.54545454545454,36.36363636363637,27.27272727272727,9.090909090909092
99,54.54545454545454,16.666666666666664,42.42424242424242,54.54545454545454,36.36363636363637,27.27272727272727,9.090909090909092
100,54.54545454545454,16.666666666666664,39.39393939393939,54.54545454545454,36.36363636363637,27.27272727272727,9.090909090909092
101,54.54545454545454,16.666666666666664,39.39393939393939,54.54545454545454,36.36363636363637,27.27272727272727,9.090909090909092
102,54.54545454545454,16.666666666666664,39.39393939393939,54.54545454545454,36.36363636363637,27.27272727272727,9.090909090909092
103,54.54545454545454,16.666666666666664,39.39393939393939,54.54545454545454,36.36363636363637,27.27272727272727,9.090909090909092
104,54.54545454545454,16.666666666666664,39.39393939393939,54.54545454545454,36.36363636363637,27.27272727272727,9.090909090909092
105,54.54545454545454,16.666666666666664,48.484848484848484,54.54545454545454,36.36363636363637,27.27272727272727,9.090909090909092
106,54.54545454545454,16.666666666666664,48.484848484848484,54.54545454545454,36.36363636363637,27.27272727272727,9.090909090909092
107,54.54545454545454,16.666666666666664,48.484848484848484,54.54545454545454,36.36363636363637,27.27272727272727,9.090909090909092
108,54.54545454545454,16.666666666666664,48.484848484848484,54.54545454545454,36.36363636363637,27.27272727272727,9.090909090909092
109,54.54545454545454,16.666666666666664,48.484848484848484,54.54545454545454,36.36363636363637,27.27272727272727,9.090909090909092
110,54.54545454545454,16.666666666666664,48.484848484848484,54.54545454545454,36.36363636363637,27.27272727272727,9.090909090909092
111,54.54545454545454,16.666666666666664,43.93939393939394,54.54545454545454,36.36363636363637,27.27272727272727,9.090909090909092
112,54.54545454545454,16.666666666666664,42.42424242424242,54.54545454545454,36.36363636363637,27.27272727272727,9.090909090909092
113,54.54545454545454,16.666666666666664,42.42424242424242,54.54545454545454,36.36363636363637,27.27272727272727,9.090909090909092
114,54.54545454545454,16.666666666666664,45.45454545454545,54.54545454545454,36.36363636363637,27.27272727272727,9.090909090909092
115,54.54545454545454,16.666666666666664,45.45454545454545,54.54545454545454,36.36363636363637,27.27272727272727,9.090909090909092
116,54.54545454545454,16.666666666666664,45.45454545454545,54.54545454545454,36.36363636363637,27.27272727272727,9.090909090909092
117,54.54545454545454,16.666666666666664,45.45454545454545,54.54545454545454,36.36363636363637,27.27272727272727,9.090909090909092
118,54.54545454545454,16.666666666666664,53.03030303030303,54.54545454545454,36.36363636363637,27.27272727272727,9.090909090909092
119,54.54545454545454,16.666666666666664,53.03030303030303,54.54545454545454,36.36363636363637,27.27272727272727,9.090909090909092
120,54.54545454545454,16.666666666666664,53.03030303030303,54.54545454545454,36.36363636363637,27.27272727272727,9.090909090909092
121,54.54545454545454,16.666666666666664,54.54545454545454,54.54545454545454,36.36363636363637,27.27272727272727,9.090909090909092
122,54.54545454545454,16.666666666666664,54.54545454545454,54.54545454545454,36.36363636363637,27.27272727272727,9.090909090909092
123,54.54545454545454,16.666666666666664,54.54545454545454,54.54545454545454,36.36363636363637,27.27272727272727,9.090909090909092
124,54.54545454545454,16.666666666666664,54.54545454545454,54.54545454545454,36.36363636363637,27.27272727272727,9.090909090909092
125,54.54545454545454,16.666666666666664,54.54545454545454,54.54545454545454,36.36363636363637,27.27272727272727,9.090909090909092
126,54.54545454545454,16.666666666666664,54.54545454545454,54.54545454545454,36.36363636363637,27.27272727272727,9.090909090909092
127,54.54545454545454,16.666666666666664,53.03030303030303,54.54545454545454,36.36363636363637,27.27272727272727,9.090909090909092
128,54.54545454545454,16.666666666666664,53.03030303030303,54.54545454545454,36.36363636363637,27.27272727272727,9.090909090909092
129,54.54545454545454,16.666666666666664,51.515151515151516,54.54545454545454,36.36363636363637,27.27272727272727,9.090909090909092
130,54.54545454545454,16.666666666666664,51.515151515151516,54.54545454545454,36.36363636363637,27.27272727272727,18.181818181818183
131,54.54545454545454,16.666666666666664,48.484848484848484,54.54545454545454,36.36363636363637,27.27272727272727,18.181818181818183
132,54.54545454545454,16.666666666666664,48.484848484848484,54.54545454545454,36.36363636363637,27.27272727272727,18.181818181818183
133,54.54545454545454,16.666666666666664,48.484848484848484,54.54545454545454,36.36363636363637,27.27272727272727,18.181818181818183
134,54.54545454545454,16.666666666666664,48.484848484848484,54.54545454545454,36.36363636363637,27.27272727272727,18.181818181818183
135,54.54545454545454,16.666666666666664,48.484848484848484,54.54545454545454,36.36363636363637,27.27272727272727,18.181818181818183
136,54.54545454545454,16.666666666666664,48.484848484848484,54.54545454545454,36.36363636363637,27.27272727272727,18.181818181818183
137,54.54545454545454,16.666666666666664,51.515151515151516,54.54545454545454,36.36363636363637,27.27272727272727,18.181818181818183
138,54.54545454545454,18.181818181818183,51.515151515151516,54.54545454545454,36.36363636363637,27.27272727272727,18.181818181818183
139,54.54545454545454,18.181818181818183,50.0,54.54545454545454,36.36363636363637,27.27272727272727,18.181818181818183
140,54.54545454545454,19.696969696969695,39.39393939393939,54.54545454545454,36.36363636363637,27.27272727272727,18.181818181818183
141,54.54545454545454,19.696969696969695,36.36363636363637,54.54545454545454,36.36363636363637,27.27272727272727,18.181818181818183
142,54.54545454545454,19.696969696969695,36.36363636363637,54.54545454545454,36.36363636363637,27.27272727272727,18.181818181818183
143,54.54545454545454,19.696969696969695,36.36363636363637,54.54545454545454,36.36363636363637,27.27272727272727,18.181818181818183
144,54.54545454545454,19.696969696969695,36.36363636363637,54.54545454545454,36.36363636363637,27.27272727272727,18.181818181818183
145,54.54545454545454,19.696969696969695,36.36363636363637,54.54545454545454,36.36363636363637,27.27272727272727,18.181818181818183
146,54.54545454545454,19.696969696969695,36.36363636363637,54.54545454545454,36.36363636363637,27.27272727272727,18.181818181818183
147,54.54545454545454,19.696969696969695,36.36363636363637,54.54545454545454,36.36363636363637,27.27272727272727,18.181818181818183
148,54.54545454545454,19.696969696969695,36.36363636363637,54.54545454545454,36.36363636363637,27.27272727272727,18.181818181818183
149,54.54545454545454,19.696969696969695,36.36363636363637,54.54545454545454,36.36363636363637,27.27272727272727,18.181818181818183
150,54.54545454545454,19.696969696969695,33.33333333333333,54.54545454545454,36.36363636363637,27.27272727272727,18.181818181818183
151,54.54545454545454,19.696969696969695,33.33333333333333,54.54545454545454,36.36363636363637,27.27272727272727,18.181818181818183
152,54.54545454545454,19.696969696969695,28.78787878787879,54.54545454545454,36.36363636363637,27.27272727272727,18.181818181818183
153,54.54545454545454,19.696969696969695,28.78787878787879,54.54545454545454,36.36363636363637,27.27272727272727,18.181818181818183
154,54.54545454545454,19.696969696969695,28.78787878787879,54.54545454545454,36.36363636363637,27.27272727272727,18.181818181818183
155,54.54545454545454,19.696969696969695,24.242424242424242,54.54545454545454,36.36363636363637,27.27272727272727,18.181818181818183
156,54.54545454545454,19.696969696969695,24.242424242424242,54.54545454545454,36.36363636363637,27.27272727272727,18.181818181818183
157,54.54545454545454,19.696969696969695,24.242424242424242,54.54545454545454,36.36363636363637,27.27272727272727,18.181818181818183
158,54.54545454545454,19.696969696969695,24.242424242424242,54.54545454545454,36.36363636363637,27.27272727272727,18.181818181818183
159,54.54545454545454,19.696969696969695,24.242424242424242,54.54545454545454,36.36363636363637,27.27272727272727,18.181818181818183
160,54.54545454545454,19.696969696969695,24.242424242424242,54.54545454545454,36.36363636363637,27.27272727272727,18.181818181818183
161,54.54545454545454,19.696969696969695,45.45454545454545,54.54545454545454,36.36363636363637,27.27272727272727,18.181818181818183
162,54.54545454545454,19.696969696969695,45.45454545454545,54.54545454545454,36.36363636363637,27.27272727272727,18.181818181818183
163,54.54545454545454,19.696969696969695,45.45454545454545,54.54545454545454,36.36363636363637,27.27272727272727,18.181818181818183
164,54.54545454545454,19.696969696969695,45.45454545454545,54.54545454545454,36.36363636363637,27.27272727272727,18.181818181818183
165,54.54545454545454,19.696969696969695,45.45454545454545,54.54545454545454,36.36363636363637,27.27272727272727,18.181818181818183
166,54.54545454545454,19.696969696969695,45.45454545454545,54.54545454545454,36.36363636363637,27.27272727272727,18.181818181818183
167,54.54545454545454,19.696969696969695,45.45454545454545,54.54545454545454,36.36363636363637,27.27272727272727,18.181818181818183
168,54.54545454545454,19.696969696969695,45.45454545454545,54.54545454545454,36.36363636363637,27.27272727272727,18.181818181818183
169,54.54545454545454,19.696969696969695,45.45454545454545,54.54545454545454,36.36363636363637,27.27272727272727,18.181818181818183
170,54.54545454545454,19.696969696969695,53.03030303030303,54.54545454545454,36.36363636363637,27.27272727272727,18.181818181818183
171,54.54545454545454,19.696969696969695,53.03030303030303,54.54545454545454,36.36363636363637,27.27272727272727,18.181818181818183
172,54.54545454545454,19.696969696969695,53.03030303030303,54.54545454545454,36.36363636363637,27.27272727272727,18.181818181818183
173,54.54545454545454,19.696969696969695,54.54545454545454,54.54545454545454,36.36363636363637,27.27272727272727,18.181818181818183
174,54.54545454545454,19.696969696969695,54.54545454545454,54.54545454545454,36.36363636363637,27.27272727272727,18.181818181818183
175,54.54545454545454,19.696969696969695,54.54545454545454,54.54545454545454,36.36363636363637,27.27272727272727,18.181818181818183
176,54.54545454545454,19.696969696969695,54.54545454545454,54.54545454545454,36.36363636363637,27.27272727272727,18.181818181818183
177,54.54545454545454,19.696969696969695,54.54545454545454,54.54545454545454,36.36363636363637,27.27272727272727,18.181818181818183
178,54.54545454545454,19.696969696969695,54.54545454545454,54.54545454545454,36.36363636363637,27.27272727272727,18.181818181818183
179,54.54545454545454,19.696969696969695,53.03030303030303,54.54545454545454,36.36363636363637,27.27272727272727,18.181818181818183
180,54.54545454545454,19.696969696969695,54.54545454545454,54.54545454545454,36.36363636363637,27.27272727272727,18.181818181818183
181,54.54545454545454,19.696969696969695,54.54545454545454,54.54545454545454,36.36363636363637,27.27272727272727,18.181818181818183
182,54.54545454545454,19.696969696969695,54.54545454545454,54.54545454545454,36.36363636363637,27.27272727272727,18.181818181818183
183,54.54545454545454,19.696969696969695,54.54545454545454,54.54545454545454,36.36363636363637,27.27272727272727,18.181818181818183
184,54.54545454545454,19.696969696969695,54.54545454545454,54.54545454545454,36.36363636363637,27.27272727272727,18.181818181818183
185,54.54545454545454,19.696969696969695,54.54545454545454,54.54545454545454,36.36363636363637,27.27272727272727,18.181818181818183
186,54.54545454545454,19.696969696969695,54.54545454545454,54.54545454545454,36.36363636363637,27.27272727272727,18.181818181818183
187,54.54545454545454,19.696969696969695,54.54545454545454,54.54545454545454,36.36363636363637,27.27272727272727,18.181818181818183
188,54.54545454545454,19.696969696969695,50.0,54.54545454545454,36.36363636363637,27.27272727272727,18.181818181818183
189,54.54545454545454,19.696969696969695,50.0,54.54545454545454,36.36363636363637,27.27272727272727,18.181818181818183
190,54.54545454545454,19.696969696969695,45.45454545454545,54.54545454545454,36.36363636363637,27.27272727272727,18.181818181818183
191,54.54545454545454,19.696969696969695,45.45454545454545,54.54545454545454,36.36363636363637,27.27272727272727,18.181818181818183
192,54.54545454545454,19.696969696969695,45.45454545454545,54.54545454545454,36.36363636363637,27.27272727272727,18.181818181818183
193,54.54545454545454,19.696969696969695,45.45454545454545,54.54545454545454,36.36363636363637,27.27272727272727,18.181818181818183
194,54.54545454545454,19.696969696969695,36.36363636363637,54.54545454545454,36.36363636363637,27.27272727272727,18.181818181818183
195,54.54545454545454,19.696969696969695,36.36363636363637,54.54545454545454,36.36363636363637,27.27272727272727,18.181818181818183
196,54.54545454545454,19.696969696969695,36.36363636363637,54.54545454545454,36.36363636363637,27.27272727272727,18.181818181818183
197,54.54545454545454,19.696969696969695,36.36363636363637,54.54545454545454,36.36363636363637,27.27272727272727,18.181818181818183
198,54.54545454545454,19.696969696969695,36.36363636363637,54.54545454545454,36.36363636363637,27.27272727272727,18.181818181818183
199,54.54545454545454,19.696969696969695,36.36363636363637,54.54545454545454,36.36363636363637,27.27272727272727,18.181818181818183
200,54.54545454545454,19.696969696969695,31.818181818181817,54.54545454545454,36.36363636363637,27.27272727272727,18.181818181818183
201,54.54545454545454,19.696969696969695,31.818181818181817,54.54545454545454,36.36363636363637,27.27272727272727,18.181818181818183
202,54.54545454545454,19.696969696969695,31.818181818181817,54.54545454545454,36.36363636363637,27.27272727272727,18.181818181818183
203,54.54545454545454,19.696969696969695,31.818181818181817,54.54545454545454,36.36363636363637,27.27272727272727,18.181818181818183
204,54.54545454545454,19.696969696969695,48.484848484848484,54.54545454545454,36.36363636363637,27.27272727272727,18.181818181818183
205,54.54545454545454,19.696969696969695,48.484848484848484,54.54545454545454,36.36363636363637,27.27272727272727,18.181818181818183
206,54.54545454545454,19.696969696969695,48.484848484848484,54.54545454545454,36.36363636363637,27.27272727272727,18.181818181818183
207,54.54545454545454,19.696969696969695,54.54545454545454,54.54545454545454,36.36363636363637,27.27272727272727,18.181818181818183
208,54.54545454545454,19.696969696969695,54.54545454545454,54.54545454545454,36.36363636363637,27.27272727272727,18.181818181818183
209,54.54545454545454,19.696969696969695,54.54545454545454,54.54545454545454,36.36363636363637,27.27272727272727,18.181818181818183
210,54.54545454545454,19.696969696969695,54.54545454545454,54.54545454545454,36.36363636363637,27.27272727272727,18.181818181818183
211,54.54545454545454,19.696969696969695,54.54545454545454,54.54545454545454,36.36363636363637,27.27272727272727,18.181818181818183
212,54.54545454545454,19.696969696969695,54.54545454545454,54.54545454545454,36.36363636363637,27.27272727272727,18.181818181818183
213,54.54545454545454,19.696969696969695,54.54545454545454,54.54545454545454,36.36363636363637,27.27272727272727,18.181818181818183
214,54.54545454545454,19.696969696969695,54.54545454545454,54.54545454545454,36.36363636363637,27.27272727272727,18.181818181818183
215,54.54545454545454,19.696969696969695,54.54545454545454,54.54545454545454,36.36363636363637,27.27272727272727,18.181818181818183
216,54.54545454545454,19.696969696969695,54.54545454545454,54.54545454545454,36.36363636363637,27.27272727272727,18.181818181818183
217,54.54545454545454,19.696969696969695,54.54545454545454,54.54545454545454,36.36363636363637,27.27272727272727,18.181818181818183
218,54.54545454545454,19.696969696969695,53.03030303030303,54.54545454545454,36.36363636363637,27.27272727272727,18.181818181818183
219,54.54545454545454,21.21212121212121,53.03030303030303,54.54545454545454,36.36363636363637,27.27272727272727,18.181818181818183
220,54.54545454545454,21.21212121212121,53.03030303030303,54.54545454545454,36.36363636363637,27.27272727272727,18.181818181818183
221,54.54545454545454,21.21212121212121,54.54545454545454,54.54545454545454,36.36363636363637,27.27272727272727,18.181818181818183
222,54.54545454545454,21.21212121212121,53.03030303030303,54.54545454545454,36.36363636363637,27.27272727272727,18.181818181818183
223,54.54545454545454,21.21212121212121,53.03030303030303,54.54545454545454,36.36363636363637,27.27272727272727,18.181818181818183
224,54.54545454545454,21.21212121212121,45.45454545454545,54.54545454545454,36.36363636363637,27.27272727272727,18.181818181818183
225,54.54545454545454,21.21212121212121,45.45454545454545,54.54545454545454,36.36363636363637,27.27272727272727,18.181818181818183
226,54.54545454545454,21.21212121212121,45.45454545454545,54.54545454545454,36.36363636363637,27.27272727272727,18.181818181818183
227,54.54545454545454,21.21212121212121,45.45454545454545,54.54545454545454,36.36363636363637,27.27272727272727,18.181818181818183
228,54.54545454545454,21.21212121212121,45.45454545454545,54.54545454545454,36.36363636363637,27.27272727272727,18.181818181818183
229,54.54545454545454,21.21212121212121,45.45454545454545,54.54545454545454,36.36363636363637,27.27272727272727,18.181818181818183
230,54.54545454545454,21.21212121212121,45.45454545454545,54.54545454545454,36.36363636363637,27.27272727272727,18.181818181818183
231,54.54545454545454,21.21212121212121,45.45454545454545,54.54545454545454,36.36363636363637,27.27272727272727,18.181818181818183
232,54.54545454545454,21.21212121212121,45.45454545454545,54.54545454545454,36.36363636363637,27.27272727272727,18.181818181818183
233,54.54545454545454,21.21212121212121,45.45454545454545,54.54545454545454,36.36363636363637,27.27272727272727,18.181818181818183
234,54.54545454545454,21.21212121212121,45.45454545454545,54.54545454545454,36.36363636363637,27.27272727272727,18.181818181818183
235,54.54545454545454,21.21212121212121,45.45454545454545,54.54545454545454,36.36363636363637,27.27272727272727,18.181818181818183
236,54.54545454545454,21.21212121212121,24.242424242424242,54.54545454545454,36.36363636363637,27.27272727272727,18.181818181818183
237,54.54545454545454,21.21212121212121,24.242424242424242,54.54545454545454,36.36363636363637,27.27272727272727,18.181818181818183
238,54.54545454545454,21.21212121212121,24.242424242424242,54.54545454545454,36.36363636363637,27.27272727272727,18.181818181818183
239,54.54545454545454,21.21212121212121,24.242424242424242,54.54545454545454,36.36363636363637,27.27272727272727,18.181818181818183
240,54.54545454545454,21.21212121212121,24.242424242424242,54.54545454545454,36.36363636363637,27.27272727272727,18.181818181818183
241,54.54545454545454,21.21212121212121,24.242424242424242,54.54545454545454,36.36363636363637,27.27272727272727,18.181818181818183
242,54.54545454545454,21.21212121212121,24.242424242424242,54.54545454545454,36.36363636363637,27.27272727272727,18.181818181818183
243,54.54545454545454,21.21212121212121,24.242424242424242,54.54545454545454,36.36363636363637,27.27272727272727,18.181818181818183
244,54.54545454545454,21.21212121212121,24.242424242424242,54.54545454545454,36.36363636363637,27.27272727272727,18.181818181818183
245,54.54545454545454,21.21212121212121,24.242424242424242,54.54545454545454,36.36363636363637,27.27272727272727,18.181818181818183
246,54.54545454545454,21.21212121212121,24.242424242424242,54.54545454545454,36.36363636363637,27.27272727272727,18.181818181818183
247,54.54545454545454,21.21212121212121,24.242424242424242,54.54545454545454,36.36363636363637,27.27272727272727,18.181818181818183
248,54.54545454545454,21.21212121212121,24.242424242424242,54.54545454545454,36.36363636363637,27.27272727272727,18.181818181818183
249,54.54545454545454,21.21212121212121,24.242424242424242,54.54545454545454,36.36363636363637,27.27272727272727,18.181818181818183
250,54.54545454545454,21.21212121212121,24.242424242424242,54.54545454545454,36.36363636363637,27.27272727272727,18.181818181818183
251,54.54545454545454,21.21212121212121,24.242424242424242,54.54545454545454,36.36363636363637,27.27272727272727,18.181818181818183
252,54.54545454545454,21.21212121212121,24.242424242424242,54.54545454545454,36.36363636363637,27.27272727272727,18.181818181818183
253,54.54545454545454,21.21212121212121,24.242424242424242,54.54545454545454,36.36363636363637,27.27272727272727,18.181818181818183
254,54.54545454545454,21.21212121212121,24.242424242424242,54.54545454545454,36.36363636363637,27.27272727272727,18.181818181818183
255,54.54545454545454,21.21212121212121,24.242424242424242,54.54545454545454,36.36363636363637,27.27272727272727,18.181818181818183
256,54.54545454545454,21.21212121212121,24.242424242424242,54.54545454545454,36.36363636363637,27.27272727272727,18.181818181818183
257,54.54545454545454,21.21212121212121,45.45454545454545,54.54545454545454,36.36363636363637,27.27272727272727,18.181818181818183
258,54.54545454545454,21.21212121212121,40.909090909090914,54.54545454545454,36.36363636363637,27.27272727272727,18.181818181818183
259,54.54545454545454,21.21212121212121,40.909090909090914,54.54545454545454,36.36363636363637,27.27272727272727,18.181818181818183
260,54.54545454545454,21.21212121212121,40.909090909090914,54.54545454545454,36.36363636363637,27.27272727272727,18.181818181818183
261,54.54545454545454,21.21212121212121,40.909090909090914,54.54545454545454,36.36363636363637,27.27272727272727,18.181818181818183
262,54.54545454545454,21.21212121212121,40.909090909090914,54.54545454545454,36.36363636363637,27.27272727272727,18.181818181818183
263,54.54545454545454,21.21212121212121,40.909090909090914,54.54545454545454,36.36363636363637,27.27272727272727,18.181818181818183
264,54.54545454545454,21.21212121212121,40.909090909090914,54.54545454545454,36.36363636363637,27.27272727272727,18.181818181818183
265,54.54545454545454,21.21212121212121,45.45454545454545,54.54545454545454,36.36363636363637,27.27272727272727,18.181818181818183
266,54.54545454545454,21.21212121212121,54.54545454545454,54.54545454545454,36.36363636363637,27.27272727272727,18.181818181818183
267,54.54545454545454,21.21212121212121,54.54545454545454,54.54545454545454,36.36363636363637,27.27272727272727,18.181818181818183
268,54.54545454545454,21.21212121212121,54.54545454545454,54.54545454545454,36.36363636363637,27.27272727272727,18.181818181818183
269,54.54545454545454,21.21212121212121,54.54545454545454,54.54545454545454,36.36363636363637,27.27272727272727,18.181818181818183
270,54.54545454545454,21.21212121212121,54.54545454545454,54.54545454545454,36.36363636363637,27.27272727272727,18.181818181818183
271,54.54545454545454,21.21212121212121,54.54545454545454,54.54545454545454,36.36363636363637,27.27272727272727,18.181818181818183
272,54.54545454545454,21.21212121212121,54.54545454545454,54.54545454545454,36.36363636363637,27.27272727272727,18.181818181818183
273,54.54545454545454,21.21212121212121,54.54545454545454,54.54545454545454,36.36363636363637,27.27272727272727,18.181818181818183
274,54.54545454545454,21.21212121212121,54.54545454545454,54.54545454545454,36.36363636363637,27.27272727272727,18.181818181818183
275,54.54545454545454,21.21212121212121,54.54545454545454,54.54545454545454,36.36363636363637,27.27272727272727,18.181818181818183
276,54.54545454545454,21.21212121212121,54.54545454545454,54.54545454545454,36.36363636363637,27.27272727272727,18.181818181818183
277,54.54545454545454,21.21212121212121,54.54545454545454,54.54545454545454,36.36363636363637,27.27272727272727,18.181818181818183
278,54.54545454545454,21.21212121212121,54.54545454545454,54.54545454545454,36.36363636363637,27.27272727272727,18.181818181818183
279,54.54545454545454,21.21212121212121,54.54545454545454,54.54545454545454,36.36363636363637,27.27272727272727,18.181818181818183
280,54.54545454545454,21.21212121212121,54.54545454545454,54.54545454545454,36.36363636363637,27.27272727272727,18.181818181818183
281,54.54545454545454,21.21212121212121,50.0,54.54545454545454,36.36363636363637,27.27272727272727,18.181818181818183
282,54.54545454545454,21.21212121212121,50.0,54.54545454545454,36.36363636363637,27.27272727272727,18.181818181818183
283,54.54545454545454,21.21212121212121,45.45454545454545,54.54545454545454,36.36363636363637,27.27272727272727,18.181818181818183
284,54.54545454545454,21.21212121212121,45.45454545454545,54.54545454545454,36.36363636363637,27.27272727272727,18.181818181818183
285,54.54545454545454,21.21212121212121,45.45454545454545,54.54545454545454,36.36363636363637,27.27272727272727,18.181818181818183
286,54.54545454545454,21.21212121212121,27.27272727272727,54.54545454545454,36.36363636363637,27.27272727272727,18.181818181818183
287,54.54545454545454,21.21212121212121,27.27272727272727,54.54545454545454,36.36363636363637,27.27272727272727,18.181818181818183
288,54.54545454545454,21.21212121212121,31.818181818181817,54.54545454545454,36.36363636363637,27.27272727272727,18.181818181818183
289,54.54545454545454,21.21212121212121,31.818181818181817,54.54545454545454,36.36363636363637,27.27272727272727,18.181818181818183
290,54.54545454545454,21.21212121212121,31.818181818181817,54.54545454545454,36.36363636363637,27.27272727272727,18.181818181818183
291,54.54545454545454,21.21212121212121,31.818181818181817,54.54545454545454,36.36363636363637,27.27272727272727,18.181818181818183
292,54.54545454545454,21.21212121212121,31.818181818181817,54.54545454545454,36.36363636363637,27.27272727272727,18.181818181818183
293,54.54545454545454,21.21212121212121,31.818181818181817,54.54545454545454,36.36363636363637,27.27272727272727,18.181818181818183
294,54.54545454545454,21.21212121212121,31.818181818181817,54.54545454545454,36.36363636363637,27.27272727272727,18.181818181818183
295,54.54545454545454,21.21212121212121,31.818181818181817,54.54545454545454,36.36363636363637,27.27272727272727,18.181818181818183
296,54.54545454545454,21.21212121212121,31.818181818181817,54.54545454545454,36.36363636363637,27.27272727272727,18.181818181818183
297,54.54545454545454,21.21212121212121,31.818181818181817,54.54545454545454,36.36363636363637,27.27272727272727,18.181818181818183
298,54.54545454545454,21.21212121212121,31.818181818181817,54.54545454545454,36.36363636363637,27.27272727272727,18.181818181818183
299,54.54545454545454,21.21212121212121,31.818181818181817,54.54545454545454,36.36363636363637,27.27272727272727,18.181818181818183
300,54.54545454545454,21.21212121212121,31.818181818181817,54.54545454545454,36.36363636363637,27.27272727272727,18.181818181818183
301,54.54545454545454,21.21212121212121,31.818181818181817,54.54545454545454,36.36363636363637,27.27272727272727,18.181818181818183
302,54.54545454545454,21.21212121212121,28.78787878787879,54.54545454545454,36.36363636363637,27.27272727272727,18.181818181818183
303,54.54545454545454,21.21212121212121,45.45454545454545,54.54545454545454,36.36363636363637,27.27272727272727,18.181818181818183
304,54.54545454545454,21.21212121212121,45.45454545454545,54.54545454545454,36.36363636363637,27.27272727272727,18.181818181818183
305,54.54545454545454,21.21212121212121,45.45454545454545,54.54545454545454,36.36363636363637,27.27272727272727,18.181818181818183
306,54.54545454545454,21.21212121212121,45.45454545454545,54.54545454545454,36.36363636363637,27.27272727272727,18.181818181818183
307,54.54545454545454,21.21212121212121,45.45454545454545,54.54545454545454,36.36363636363637,27.27272727272727,18.181818181818183
308,54.54545454545454,21.21212121212121,45.45454545454545,54.54545454545454,36.36363636363637,27.27272727272727,18.181818181818183
309,54.54545454545454,21.21212121212121,45.45454545454545,54.54545454545454,36.36363636363637,27.27272727272727,18.181818181818183
310,54.54545454545454,21.21212121212121,45.45454545454545,54.54545454545454,36.36363636363637,27.27272727272727,18.181818181818183
311,54.54545454545454,21.21212121212121,40.909090909090914,54.54545454545454,36.36363636363637,27.27272727272727,18.181818181818183
312,54.54545454545454,21.21212121212121,40.909090909090914,54.54545454545454,36.36363636363637,27.27272727272727,18.181818181818183
313,54.54545454545454,21.21212121212121,45.45454545454545,54.54545454545454,36.36363636363637,27.27272727272727,18.181818181818183
314,54.54545454545454,21.21212121212121,45.45454545454545,54.54545454545454,36.36363636363637,27.27272727272727,18.181818181818183
315,54.54545454545454,21.21212121212121,45.45454545454545,54.54545454545454,36.36363636363637,27.27272727272727,18.181818181818183
316,54.54545454545454,21.21212121212121,45.45454545454545,54.54545454545454,36.36363636363637,27.27272727272727,18.181818181818183
317,54.54545454545454,21.21212121212121,45.45454545454545,54.54545454545454,36.36363636363637,27.27272727272727,18.181818181818183
318,54.54545454545454,21.21212121212121,45.45454545454545,54.54545454545454,36.36363636363637,27.27272727272727,18.181818181818183
319,54.54545454545454,21.21212121212121,45.45454545454545,54.54545454545454,36.36363636363637,27.27272727272727,18.181818181818183
320,54.54545454545454,21.21212121212121,45.45454545454545,54.54545454545454,36.36363636363637,27.27272727272727,18.181818181818183
321,54.54545454545454,21.21212121212121,45.45454545454545,54.54545454545454,36.36363636363637,27.27272727272727,18.181818181818183
322,54.54545454545454,21.21212121212121,53.03030303030303,54.54545454545454,36.36363636363637,27.27272727272727,18.181818181818183
323,54.54545454545454,21.21212121212121,53.03030303030303,54.54545454545454,36.36363636363637,27.27272727272727,18.181818181818183
324,54.54545454545454,21.21212121212121,53.03030303030303,54.54545454545454,36.36363636363637,27.27272727272727,18.181818181818183
325,54.54545454545454,21.21212121212121,53.03030303030303,54.54545454545454,36.36363636363637,27.27272727272727,18.181818181818183
326,54.54545454545454,21.21212121212121,53.03030303030303,54.54545454545454,36.36363636363637,27.27272727272727,18.181818181818183
327,54.54545454545454,21.21212121212121,54.54545454545454,54.54545454545454,36.36363636363637,27.27272727272727,18.181818181818183
328,54.54545454545454,21.21212121212121,54.54545454545454,54.54545454545454,36.36363636363637,27.27272727272727,18.181818181818183
329,54.54545454545454,21.21212121212121,54.54545454545454,54.54545454545454,36.36363636363637,27.27272727272727,18.181818181818183
330,54.54545454545454,21.21212121212121,54.54545454545454,54.54545454545454,36.36363636363637,27.27272727272727,18.181818181818183
331,54.54545454545454,21.21212121212121,54.54545454545454,54.54545454545454,36.36363636363637,27.27272727272727,18.181818181818183
332,54.54545454545454,21.21212121212121,54.54545454545454,54.54545454545454,36.36363636363637,27.27272727272727,18.181818181818183
333,54.54545454545454,21.21212121212121,54.54545454545454,54.54545454545454,36.36363636363637,27.27272727272727,18.181818181818183
334,54.54545454545454,21.21212121212121,54.54545454545454,54.54545454545454,36.36363636363637,27.27272727272727,18.181818181818183
335,54.54545454545454,21.21212121212121,54.54545454545454,54.54545454545454,36.36363636363637,27.27272727272727,18.181818181818183
336,54.54545454545454,21.21212121212121,54.54545454545454,54.54545454545454,36.36363636363637,27.27272727272727,18.181818181818183
337,54.54545454545454,21.21212121212121,54.54545454545454,54.54545454545454,36.36363636363637,27.27272727272727,18.181818181818183
338,54.54545454545454,21.21212121212121,54.54545454545454,54.54545454545454,36.36363636363637,27.27272727272727,18.181818181818183
339,54.54545454545454,21.21212121212121,54.54545454545454,54.54545454545454,36.36363636363637,27.27272727272727,18.181818181818183
340,54.54545454545454,21.21212121212121,54.54545454545454,54.54545454545454,36.36363636363637,27.27272727272727,18.181818181818183
341,54.54545454545454,21.21212121212121,54.54545454545454,54.54545454545454,36.36363636363637,27.27272727272727,18.181818181818183
342,54.54545454545454,21.21212121212121,54.54545454545454,54.54545454545454,36.36363636363637,27.27272727272727,18.181818181818183
343,54.54545454545454,21.21212121212121,40.909090909090914,54.54545454545454,36.36363636363637,27.27272727272727,18.181818181818183
344,54.54545454545454,21.21212121212121,36.36363636363637,54.54545454545454,36.36363636363637,27.27272727272727,18.181818181818183
345,54.54545454545454,21.21212121212121,36.36363636363637,54.54545454545454,36.36363636363637,27.27272727272727,18.181818181818183
346,54.54545454545454,21.21212121212121,31.818181818181817,54.54545454545454,36.36363636363637,27.27272727272727,18.181818181818183
347,54.54545454545454,21.21212121212121,31.818181818181817,54.54545454545454,36.36363636363637,27.27272727272727,18.181818181818183
348,54.54545454545454,21.21212121212121,31.818181818181817,54.54545454545454,36.36363636363637,27.27272727272727,18.181818181818183
349,54.54545454545454,21.21212121212121,31.818181818181817,54.54545454545454,36.36363636363637,27.27272727272727,18.181818181818183
350,54.54545454545454,21.21212121212121,31.818181818181817,54.54545454545454,36.36363636363637,27.27272727272727,18.181818181818183
351,54.54545454545454,21.21212121212121,31.818181818181817,54.54545454545454,36.36363636363637,27.27272727272727,18.181818181818183
352,54.54545454545454,21.21212121212121,31.818181818181817,54.54545454545454,36.36363636363637,27.27272727272727,18.181818181818183
353,54.54545454545454,21.21212121212121,22.727272727272727,54.54545454545454,36.36363636363637,27.27272727272727,18.181818181818183
354,54.54545454545454,21.21212121212121,22.727272727272727,54.54545454545454,36.36363636363637,27.27272727272727,18.181818181818183
355,54.54545454545454,21.21212121212121,15.151515151515152,54.54545454545454,36.36363636363637,27.27272727272727,18.181818181818183
356,54.54545454545454,21.21212121212121,24.242424242424242,54.54545454545454,36.36363636363637,27.27272727272727,18.181818181818183
357,54.54545454545454,21.21212121212121,24.242424242424242,54.54545454545454,36.36363636363637,27.27272727272727,18.181818181818183
358,54.54545454545454,21.21212121212121,24.242424242424242,54.54545454545454,36.36363636363637,27.27272727272727,18.181818181818183
359,54.54545454545454,21.21212121212121,24.242424242424242,54.54545454545454,36.36363636363637,27.27272727272727,18.181818181818183
360,54.54545454545454,21.21212121212121,24.242424242424242,54.54545454545454,36.36363636363637,27.27272727272727,18.181818181818183
361,54.54545454545454,21.21212121212121,24.242424242424242,54.54545454545454,36.36363636363637,27.27272727272727,18.181818181818183
362,54.54545454545454,21.21212121212121,24.242424242424242,54.54545454545454,36.36363636363637,27.27272727272727,18.181818181818183
363,54.54545454545454,21.21212121212121,24.242424242424242,54.54545454545454,36.36363636363637,27.27272727272727,18.181818181818183
364,54.54545454545454,21.21212121212121,24.242424242424242,54.54545454545454,36.36363636363637,27.27272727272727,18.181818181818183
365,54.54545454545454,21.21212121212121,24.242424242424242,54.54545454545454,36.36363636363637,27.27272727272727,18.181818181818183
366,54.54545454545454,21.21212121212121,24.242424242424242,54.54545454545454,36.36363636363637,27.27272727272727,18.181818181818183
367,54.54545454545454,21.21212121212121,24.242424242424242,54.54545454545454,36.36363636363637,27.27272727272727,18.181818181818183
368,54.54545454545454,21.21212121212121,24.242424242424242,54.54545454545454,36.36363636363637,27.27272727272727,18.181818181818183
369,54.54545454545454,21.21212121212121,24.242424242424242,54.54545454545454,36.36363636363637,27.27272727272727,18.181818181818183
370,54.54545454545454,21.21212121212121,24.242424242424242,54.54545454545454,36.36363636363637,27.27272727272727,18.181818181818183
371,54.54545454545454,21.21212121212121,24.242424242424242,54.54545454545454,36.36363636363637,27.27272727272727,18.181818181818183
372,54.54545454545454,21.21212121212121,24.242424242424242,54.54545454545454,36.36363636363637,27.27272727272727,18.181818181818183
373,54.54545454545454,21.21212121212121,24.242424242424242,54.54545454545454,36.36363636363637,27.27272727272727,18.181818181818183
374,54.54545454545454,21.21212121212121,24.242424242424242,54.54545454545454,36.36363636363637,27.27272727272727,18.181818181818183
375,54.54545454545454,21.21212121212121,24.242424242424242,54.54545454545454,36.36363636363637,27.27272727272727,18.181818181818183
376,54.54545454545454,21.21212121212121,24.242424242424242,54.54545454545454,36.36363636363637,27.27272727272727,18.181818181818183
377,54.54545454545454,21.21212121212121,24.242424242424242,54.54545454545454,36.36363636363637,27.27272727272727,18.181818181818183
378,54.54545454545454,21.21212121212121,24.242424242424242,54.54545454545454,36.36363636363637,27.27272727272727,18.181818181818183
379,54.54545454545454,21.21212121212121,24.242424242424242,54.54545454545454,36.36363636363637,27.27272727272727,18.181818181818183
380,54.54545454545454,21.21212121212121,24.242424242424242,54.54545454545454,36.36363636363637,27.27272727272727,18.181818181818183
381,54.54545454545454,21.21212121212121,24.242424242424242,54.54545454545454,36.36363636363637,27.27272727272727,18.181818181818183
382,54.54545454545454,21.21212121212121,24.242424242424242,54.54545454545454,36.36363636363637,27.27272727272727,18.181818181818183
383,54.54545454545454,21.21212121212121,40.909090909090914,54.54545454545454,36.36363636363637,27.27272727272727,18.181818181818183
384,54.54545454545454,21.21212121212121,40.909090909090914,54.54545454545454,36.36363636363637,27.27272727272727,18.181818181818183
385,54.54545454545454,21.21212121212121,40.909090909090914,54.54545454545454,36.36363636363637,27.27272727272727,18.181818181818183
386,54.54545454545454,21.21212121212121,40.909090909090914,54.54545454545454,36.36363636363637,36.36363636363637,18.181818181818183
387,54.54545454545454,22.727272727272727,40.909090909090914,54.54545454545454,36.36363636363637,36.36363636363637,18.181818181818183
388,54.54545454545454,22.727272727272727,54.54545454545454,54.54545454545454,36.36363636363637,36.36363636363637,18.181818181818183
389,54.54545454545454,22.727272727272727,54.54545454545454,54.54545454545454,36.36363636363637,36.36363636363637,18.181818181818183
390,54.54545454545454,22.727272727272727,54.54545454545454,54.54545454545454,36.36363636363637,36.36363636363637,18.181818181818183
391,54.54545454545454,22.727272727272727,54.54545454545454,54.54545454545454,36.36363636363637,36.36363636363637,18.181818181818183
392,54.54545454545454,22.727272727272727,54.54545454545454,54.54545454545454,36.36363636363637,36.36363636363637,18.181818181818183
393,54.54545454545454,22.727272727272727,54.54545454545454,54.54545454545454,36.36363636363637,36.36363636363637,18.181818181818183
394,54.54545454545454,22.727272727272727,54.54545454545454,54.54545454545454,36.36363636363637,36.36363636363637,18.181818181818183
395,54.54545454545454,22.727272727272727,54.54545454545454,54.54545454545454,36.36363636363637,36.36363636363637,18.181818181818183
396,54.54545454545454,22.727272727272727,54.54545454545454,54.54545454545454,36.36363636363637,36.36363636363637,18.181818181818183
397,54.54545454545454,22.727272727272727,54.54545454545454,54.54545454545454,36.36363636363637,36.36363636363637,18.181818181818183
398,54.54545454545454,22.727272727272727,54.54545454545454,54.54545454545454,36.36363636363637,36.36363636363637,18.181818181818183
399,54.54545454545454,22.727272727272727,54.54545454545454,54.54545454545454,36.36363636363637,36.36363636363637,18.181818181818183
400,54.54545454545454,22.727272727272727,54.54545454545454,54.54545454545454,36.36363636363637,36.36363636363637,18.181818181818183
401,54.54545454545454,22.727272727272727,54.54545454545454,54.54545454545454,36.36363636363637,36.36363636363637,18.181818181818183
402,54.54545454545454,22.727272727272727,54.54545454545454,54.54545454545454,36.36363636363637,36.36363636363637,18.181818181818183
403,54.54545454545454,22.727272727272727,54.54545454545454,54.54545454545454,36.36363636363637,36.36363636363637,18.181818181818183
404,54.54545454545454,22.727272727272727,54.54545454545454,54.54545454545454,36.36363636363637,36.36363636363637,18.181818181818183
405,54.54545454545454,22.727272727272727,54.54545454545454,54.54545454545454,36.36363636363637,36.36363636363637,18.181818181818183
406,54.54545454545454,22.727272727272727,54.54545454545454,54.54545454545454,36.36363636363637,36.36363636363637,18.181818181818183
407,54.54545454545454,22.727272727272727,54.54545454545454,54.54545454545454,36.36363636363637,36.36363636363637,18.181818181818183
408,54.54545454545454,22.727272727272727,54.54545454545454,54.54545454545454,36.36363636363637,36.36363636363637,18.181818181818183
409,54.54545454545454,22.727272727272727,54.54545454545454,54.54545454545454,36.36363636363637,36.36363636363637,18.181818181818183
410,54.54545454545454,22.727272727272727,54.54545454545454,54.54545454545454,36.36363636363637,36.36363636363637,18.181818181818183
411,54.54545454545454,22.727272727272727,54.54545454545454,54.54545454545454,36.36363636363637,36.36363636363637,18.181818181818183
412,54.54545454545454,22.727272727272727,54.54545454545454,54.54545454545454,36.36363636363637,36.36363636363637,18.181818181818183
413,54.54545454545454,22.727272727272727,54.54545454545454,54.54545454545454,36.36363636363637,36.36363636363637,18.181818181818183
414,54.54545454545454,22.727272727272727,54.54545454545454,54.54545454545454,36.36363636363637,36.36363636363637,18.181818181818183
415,54.54545454545454,22.727272727272727,54.54545454545454,54.54545454545454,36.36363636363637,36.36363636363637,18.181818181818183
416,54.54545454545454,22.727272727272727,54.54545454545454,54.54545454545454,36.36363636363637,36.36363636363637,18.181818181818183
417,54.54545454545454,22.727272727272727,54.54545454545454,54.54545454545454,36.36363636363637,36.36363636363637,18.181818181818183
418,54.54545454545454,22.727272727272727,54.54545454545454,54.54545454545454,36.36363636363637,36.36363636363637,18.181818181818183
419,54.54545454545454,22.727272727272727,54.54545454545454,54.54545454545454,36.36363636363637,36.36363636363637,18.181818181818183
420,54.54545454545454,22.727272727272727,54.54545454545454,54.54545454545454,36.36363636363637,36.36363636363637,18.181818181818183
421,54.54545454545454,22.727272727272727,54.54545454545454,54.54545454545454,36.36363636363637,36.36363636363637,18.181818181818183
422,54.54545454545454,22.727272727272727,54.54545454545454,54.54545454545454,36.36363636363637,36.36363636363637,18.181818181818183
423,54.54545454545454,22.727272727272727,54.54545454545454,54.54545454545454,36.36363636363637,36.36363636363637,18.181818181818183
424,54.54545454545454,22.727272727272727,45.45454545454545,54.54545454545454,36.36363636363637,36.36363636363637,18.181818181818183
425,54.54545454545454,22.727272727272727,42.42424242424242,54.54545454545454,36.36363636363637,36.36363636363637,18.181818181818183
426,54.54545454545454,22.727272727272727,39.39393939393939,54.54545454545454,36.36363636363637,36.36363636363637,18.181818181818183
427,54.54545454545454,24.242424242424242,39.39393939393939,54.54545454545454,36.36363636363637,36.36363636363637,18.181818181818183
428,54.54545454545454,24.242424242424242,36.36363636363637,54.54545454545454,36.36363636363637,36.36363636363637,18.181818181818183
429,54.54545454545454,24.242424242424242,36.36363636363637,54.54545454545454,36.36363636363637,36.36363636363637,18.181818181818183
430,54.54545454545454,24.242424242424242,36.36363636363637,54.54545454545454,36.36363636363637,36.36363636363637,18.181818181818183
431,54.54545454545454,24.242424242424242,48.484848484848484,54.54545454545454,36.36363636363637,36.36363636363637,18.181818181818183
432,54.54545454545454,24.242424242424242,48.484848484848484,54.54545454545454,36.36363636363637,36.36363636363637,18.181818181818183
433,54.54545454545454,24.242424242424242,48.484848484848484,54.54545454545454,36.36363636363637,36.36363636363637,18.181818181818183
434,54.54545454545454,24.242424242424242,48.484848484848484,54.54545454545454,36.36363636363637,36.36363636363637,18.181818181818183
435,54.54545454545454,24.242424242424242,54.54545454545454,54.54545454545454,36.36363636363637,36.36363636363637,18.181818181818183
436,54.54545454545454,24.242424242424242,54.54545454545454,54.54545454545454,36.36363636363637,36.36363636363637,18.181818181818183
437,54.54545454545454,24.242424242424242,54.54545454545454,54.54545454545454,36.36363636363637,36.36363636363637,18.181818181818183
438,54.54545454545454,24.242424242424242,54.54545454545454,54.54545454545454,36.36363636363637,36.36363636363637,18.181818181818183
439,54.54545454545454,24.242424242424242,54.54545454545454,54.54545454545454,36.36363636363637,36.36363636363637,18.181818181818183
440,54.54545454545454,24.242424242424242,54.54545454545454,54.54545454545454,36.36363636363637,36.36363636363637,18.181818181818183
441,54.54545454545454,24.242424242424242,54.54545454545454,54.54545454545454,36.36363636363637,36.36363636363637,18.181818181818183
442,54.54545454545454,24.242424242424242,54.54545454545454,54.54545454545454,36.36363636363637,36.36363636363637,18.181818181818183
443,54.54545454545454,24.242424242424242,54.54545454545454,54.54545454545454,36.36363636363637,36.36363636363637,18.181818181818183
444,54.54545454545454,24.242424242424242,54.54545454545454,54.54545454545454,36.36363636363637,36.36363636363637,18.181818181818183
445,54.54545454545454,24.242424242424242,54.54545454545454,54.54545454545454,36.36363636363637,36.36363636363637,18.181818181818183
446,54.54545454545454,24.242424242424242,54.54545454545454,54.54545454545454,36.36363636363637,36.36363636363637,18.181818181818183
447,54.54545454545454,24.242424242424242,54.54545454545454,54.54545454545454,36.36363636363637,36.36363636363637,18.181818181818183
448,54.54545454545454,24.242424242424242,54.54545454545454,54.54545454545454,36.36363636363637,36.36363636363637,18.181818181818183
449,54.54545454545454,24.242424242424242,54.54545454545454,54.54545454545454,36.36363636363637,36.36363636363637,18.181818181818183
450,54.54545454545454,24.242424242424242,54.54545454545454,54.54545454545454,36.36363636363637,36.36363636363637,18.181818181818183
451,54.54545454545454,24.242424242424242,54.54545454545454,54.54545454545454,36.36363636363637,36.36363636363637,18.181818181818183
452,54.54545454545454,24.242424242424242,54.54545454545454,54.54545454545454,36.36363636363637,36.36363636363637,18.181818181818183
453,54.54545454545454,24.242424242424242,54.54545454545454,54.54545454545454,36.36363636363637,36.36363636363637,18.181818181818183
454,54.54545454545454,24.242424242424242,54.54545454545454,54.54545454545454,45.45454545454545,36.36363636363637,18.181818181818183
455,54.54545454545454,24.242424242424242,54.54545454545454,54.54545454545454,45.45454545454545,36.36363636363637,18.181818181818183
456,54.54545454545454,24.242424242424242,54.54545454545454,54.54545454545454,45.45454545454545,36.36363636363637,18.181818181818183
457,54.54545454545454,24.242424242424242,54.54545454545454,54.54545454545454,45.45454545454545,36.36363636363637,18.181818181818183
458,54.54545454545454,24.242424242424242,54.54545454545454,54.54545454545454,45.45454545454545,36.36363636363637,18.181818181818183
459,54.54545454545454,24.242424242424242,54.54545454545454,54.54545454545454,45.45454545454545,36.36363636363637,18.181818181818183
460,54.54545454545454,24.242424242424242,54.54545454545454,54.54545454545454,45.45454545454545,36.36363636363637,18.181818181818183
461,54.54545454545454,24.242424242424242,54.54545454545454,54.54545454545454,45.45454545454545,36.36363636363637,18.181818181818183
462,54.54545454545454,24.242424242424242,53.03030303030303,54.54545454545454,45.45454545454545,36.36363636363637,18.181818181818183
463,54.54545454545454,24.242424242424242,53.03030303030303,54.54545454545454,45.45454545454545,36.36363636363637,18.181818181818183
464,54.54545454545454,24.242424242424242,53.03030303030303,54.54545454545454,45.45454545454545,36.36363636363637,18.181818181818183
465,54.54545454545454,24.242424242424242,53.03030303030303,54.54545454545454,45.45454545454545,36.36363636363637,18.181818181818183
466,54.54545454545454,24.242424242424242,53.03030303030303,54.54545454545454,45.45454545454545,36.36363636363637,18.181818181818183
467,54.54545454545454,24.242424242424242,28.78787878787879,54.54545454545454,45.45454545454545,36.36363636363637,18.181818181818183
468,54.54545454545454,24.242424242424242,24.242424242424242,54.54545454545454,45.45454545454545,36.36363636363637,18.181818181818183
469,54.54545454545454,24.242424242424242,24.242424242424242,54.54545454545454,45.45454545454545,36.36363636363637,18.181818181818183
470,54.54545454545454,24.242424242424242,24.242424242424242,54.54545454545454,45.45454545454545,36.36363636363637,18.181818181818183
471,54.54545454545454,24.242424242424242,24.242424242424242,54.54545454545454,45.45454545454545,36.36363636363637,18.181818181818183
472,54.54545454545454,24.242424242424242,24.242424242424242,54.54545454545454,45.45454545454545,36.36363636363637,18.181818181818183
473,54.54545454545454,24.242424242424242,24.242424242424242,54.54545454545454,45.45454545454545,36.36363636363637,18.181818181818183
474,54.54545454545454,24.242424242424242,24.242424242424242,54.54545454545454,45.45454545454545,45.45454545454545,18.181818181818183
475,54.54545454545454,24.242424242424242,24.242424242424242,54.54545454545454,45.45454545454545,45.45454545454545,18.181818181818183
476,54.54545454545454,24.242424242424242,45.45454545454545,54.54545454545454,45.45454545454545,45.45454545454545,18.181818181818183
477,54.54545454545454,24.242424242424242,45.45454545454545,54.54545454545454,45.45454545454545,45.45454545454545,18.181818181818183
478,54.54545454545454,24.242424242424242,45.45454545454545,54.54545454545454,45.45454545454545,45.45454545454545,18.181818181818183
479,54.54545454545454,24.242424242424242,45.45454545454545,54.54545454545454,45.45454545454545,45.45454545454545,18.181818181818183
480,54.54545454545454,24.242424242424242,45.45454545454545,54.54545454545454,45.45454545454545,45.45454545454545,18.181818181818183
481,54.54545454545454,24.242424242424242,53.03030303030303,54.54545454545454,45.45454545454545,45.45454545454545,18.181818181818183
482,54.54545454545454,24.242424242424242,48.484848484848484,54.54545454545454,45.45454545454545,45.45454545454545,18.181818181818183
483,54.54545454545454,24.242424242424242,48.484848484848484,54.54545454545454,45.45454545454545,45.45454545454545,18.181818181818183
484,54.54545454545454,24.242424242424242,48.484848484848484,54.54545454545454,45.45454545454545,45.45454545454545,18.181818181818183
485,54.54545454545454,24.242424242424242,45.45454545454545,54.54545454545454,45.45454545454545,45.45454545454545,18.181818181818183
486,54.54545454545454,24.242424242424242,43.93939393939394,54.54545454545454,45.45454545454545,45.45454545454545,18.181818181818183
487,54.54545454545454,24.242424242424242,43.93939393939394,54.54545454545454,45.45454545454545,45.45454545454545,18.181818181818183
488,54.54545454545454,24.242424242424242,43.93939393939394,54.54545454545454,45.45454545454545,45.45454545454545,18.181818181818183
489,54.54545454545454,24.242424242424242,43.93939393939394,54.54545454545454,45.45454545454545,45.45454545454545,18.181818181818183
490,54.54545454545454,24.242424242424242,42.42424242424242,54.54545454545454,45.45454545454545,45.45454545454545,18.181818181818183
491,54.54545454545454,24.242424242424242,42.42424242424242,54.54545454545454,45.45454545454545,45.45454545454545,18.181818181818183
492,54.54545454545454,24.242424242424242,42.42424242424242,54.54545454545454,45.45454545454545,45.45454545454545,18.181818181818183
493,54.54545454545454,24.242424242424242,42.42424242424242,54.54545454545454,45.45454545454545,45.45454545454545,18.181818181818183
494,54.54545454545454,24.242424242424242,42.42424242424242,54.54545454545454,45.45454545454545,45.45454545454545,18.181818181818183
495,54.54545454545454,24.242424242424242,40.909090909090914,54.54545454545454,45.45454545454545,45.45454545454545,18.181818181818183
496,54.54545454545454,24.242424242424242,40.909090909090914,54.54545454545454,45.45454545454545,45.45454545454545,18.181818181818183
497,54.54545454545454,24.242424242424242,40.909090909090914,54.54545454545454,45.45454545454545,45.45454545454545,18.181818181818183
498,54.54545454545454,24.242424242424242,37.878787878787875,54.54545454545454,45.45454545454545,45.45454545454545,18.181818181818183
499,54.54545454545454,24.242424242424242,37.878787878787875,54.54545454545454,45.45454545454545,45.45454545454545,18.181818181818183
500,54.54545454545454,24.242424242424242,33.33333333333333,54.54545454545454,45.45454545454545,45.45454545454545,18.181818181818183
501,54.54545454545454,24.242424242424242,33.33333333333333,54.54545454545454,45.45454545454545,45.45454545454545,18.181818181818183
502,54.54545454545454,24.242424242424242,33.33333333333333,54.54545454545454,45.45454545454545,45.45454545454545,18.181818181818183
